,country,beta0,beta01,startT,beta2,sigma,a,b,c,d,mu,sub,subRec,subDth
0,Brazil,0.06088162909707524,3.6835422391405814e-07,132.92487020526573,1.2023572606432877e-13,0.008778571175388456,1.6885180372847125e-08,0.026482916907741752,0.0009675624132034276,0.030512130348493913,3.8079261136724534e-05,1.002568875598189,0.9997172053195463,0.9934437167348321
1,China,0.17260020095734763,2.6019077508292193e-05,37.636598640412885,1.1433401345432915e-15,0.19117682952019804,0.002961907881126877,0.04640730323529882,8.086133582506567e-14,1.2206340686116584e-13,5.2059299168341404e-14,1.0218883780903028,0.9837267435286146,0.7843809466469787
2,Italy,0.1338160990148274,1.8997954169026777e-05,53.92448031351575,3.5479369138333583e-15,0.06386080051771427,0.005559454563823901,0.01888571280744476,2.9082115805034954e-12,0.00254973735640676,2.91139018376318e-11,1.0217568402127897,0.9995566942287116,0.9976284749664346
3,US,0.06130367442765686,2.921915049209596e-07,231.70530016947663,2.2735341819616029e-13,0.008333333487425551,8.138403402893683e-12,2.7202416936364892e-11,0.000428487629835648,0.007377972062980919,1.61164439161566e-05,0.9983663683924838,0.9974702746705365,0.9805128930642723
4,India,0.009755835150305545,1.9346220584797418e-07,184.2250868700045,1.9495941352449523e-17,0.013085203701883796,3.9668294147844205e-05,0.03596370145532405,2.3207138135475222e-10,0.02773514185091245,2.574864363272002e-05,0.9774236886302453,1.0029669531742442,1.21597463742563
