,country,beta0,beta01,startT,beta2,sigma,sigma2,sigma3,gamma,b,gamma2,d,mu,sub,subRec,subDth
0,Brazil,4.835147441352965e-10,2.6215842039909884e-07,86.50129841329219,9.546771343017639e-08,0.008612099509460949,0.014948670251613404,0.008333359918647996,5.8420763633652376e-08,0.009681445915979348,6.340503659237057e-09,0.027892623503255897,4.818714011752304e-10,1.0494293375955923,1.0018157234172802,0.34097290335859926
1,China,3.2446152599823636e-09,1.0026718310579465e-12,14.999379594034444,1.0005621714472746e-12,0.3235121545735335,0.06291918391150426,0.008333421748720751,2.8675705580664475e-08,0.042889919726767124,1.1585102899667267e-08,0.0001538013012215901,1.5384455554294068e-12,1.795703439989643,0.9881892025881287,0.71620697650656
2,Italy,1.316145502756452e-06,1.9467104139760865e-08,44.34554897264744,3.822991631826541e-10,0.02582578328102176,0.3020565203797157,0.11063445547817363,0.20607130949134217,0.31364250521117804,0.001328732235025244,0.07850002502908696,3.723904681667422e-07,3.0,0.9897747551305558,1.0031300612533276
3,US,1.1160905943322004e-06,3.6779944532281676e-08,23.900251085999834,8.30472235401552e-08,0.013011156802495979,0.04020754713828076,0.009017684311839911,0.00024391778374137883,0.05734398419055315,0.0010914680942170968,0.05763626053746838,9.097113607182181e-05,3.0,1.0115888084381945,0.9740077444822106
4,India,2.035919775137597e-09,8.771767695114676e-09,133.10195554968797,1.7026428176149895e-10,0.008721242036917336,0.08791624912673514,0.010388459294922209,0.0008632811180491283,0.21210847064143942,0.0011301081378858417,0.25268398507735645,1.1507537085467738e-07,3.0,0.9978596880365548,0.9375723335480689
