,country,beta0,beta01,startT,beta2,sigma,sigma2,sigma3,gamma,b,gamma2,d,mu,sub,subRec,subDth
0,Brazil,2.5488632409777744e-09,9.245481037106471e-08,101.37692422034974,7.372757201199951e-09,0.00898029520272687,0.020717616782110666,0.008626303556192573,0.0004776375782439422,0.002928418549219949,0.004337263952675989,0.3459361719857861,6.4947205597606944e-06,1.1231722748316117,1.0075149626961135,0.2965954412878083
1,China,4.227757582928012e-09,5.3459445608789956e-11,16.96855070600894,1.472641987074727e-11,0.09944882627018152,0.0594839533510184,0.011050992633978372,0.0009372134045594764,0.021908131303116078,9.749087801742214e-05,0.26282918681799233,9.363123760293138e-10,3.0,0.9611151420877408,0.9601254925520321
2,Italy,5.267022994051027e-12,3.200123069345758e-06,20.23741867765696,4.021990299026134e-07,0.19873597624673692,0.02295054878950331,0.008333338279830408,5.112867428118566e-09,0.003383927894276151,1.0148722672240036e-09,0.0013386057387743892,1.0355942820627733e-10,1.2141307036237357,0.9984021403212934,0.7466733308718594
3,US,2.8315820580538633e-08,1.0006755970575881e-12,65.26778335610561,3.707157838926302e-09,0.07609812210415104,0.008333333539100894,0.008333333343423815,1.0954144402866751e-11,9.725686337879072e-12,1.864426014805272e-11,0.000924994448452542,3.1472299316629355e-12,1.2147499358565839,1.0191328069620817,0.2
4,India,3.4483341570298474e-08,1.7040138471414803e-09,77.00619854282142,2.291357438513518e-08,0.009110909797234711,0.01751477821607068,0.009231362050334112,0.001318297105903549,0.011336339402664264,0.0036807562224871527,0.29840675445399045,1.5029990204871067e-06,1.1470760836317282,0.9981597084628084,0.2
