,country,beta0,beta01,startT,beta2,sigma,sigma2,sigma3,gamma,b,gamma2,d,mu,sub,subRec,subDth
0,Brazil,1.405679240220439e-07,9.848035137642779e-08,100.12535538420256,1.0152110677860174e-12,0.04457431182652647,0.009196134899377994,0.008333333334361266,1.2488405673521995e-12,0.0012762049816168299,5.543088170903745e-12,0.3999999909646077,1.0741061920706672e-12,1.289392333474712,1.637184025060717,0.4189467103727636
1,China,1.35317522698842e-12,1.3870569696857999e-07,9.565177217322269,1.0014930261920825e-12,0.2604250982356797,0.04605358386739431,0.008333369738961892,1.5803908080181255e-08,0.03609226227246655,8.87218108902124e-09,0.00038421246448293994,2.2967029557875734e-11,1.5420599734342515,0.9960416828000351,0.593903969854552
2,Italy,1.0238869138624546e-06,1.6542836945101964e-12,34.876496679801946,6.315603785674018e-09,0.07938800554248165,0.026361172612821393,0.00833333472066947,7.2634978969241456e-09,0.009465436006108644,7.98214327370123e-11,5.2863281434949653e-08,3.5007866962606616e-11,1.3760343344067183,1.0024202004919793,0.7528362585229709
3,US,3.162434931833848e-08,8.795999816097316e-10,37.2725996622483,2.801427844859139e-10,0.008822313848722889,0.009482086581873656,0.008347049455090209,2.7423748540046097e-05,0.0017474317936303915,3.318785039811342e-06,0.00045463330968569123,3.548552752639992e-08,1.2332536701163188,1.0057747160031767,0.2
4,India,2.4244878299969354e-08,4.9206280246999487e-08,87.14794375418896,2.7208163812065756e-08,0.013233476296136377,0.022826384070009684,0.008447636657355042,0.00017141711956043362,0.0051141145107053915,8.50557587081721e-05,0.04710441502185794,2.371459349879019e-06,1.0283333843076685,0.9944694450127001,0.2
