,country,beta0,beta01,startT,beta2,sigma,sigma2,sigma3,gamma,b,gamma2,d,mu,sub,subRec,subDth
0,Italy,1.0323648412125306e-06,2.212934981124927e-05,10.41942190274277,1.781775523313729e-06,0.037338331478946316,0.012728705362137126,0.015038198069434124,0.007039104392921672,0.016285748585448002,4.2483908900009e-07,0.0007353785041833889,0.000237425840256581,1.007802239902785,0.8007171696865375,1.0023141788367702
