,country,beta0,beta01,startT,beta2,sigma,sigma2,sigma3,gamma,b,gamma2,d,mu,sub,subRec,subDth
0,Brazil,3.1276018630115163e-09,7.251887508538846e-08,111.84505137891438,2.8975431396914077e-09,0.02504511451172991,0.10229740660910834,0.008333341412980798,6.028389403369329e-08,0.002421275343527175,3.352813869339173e-10,7.043332726891446e-07,1.7423843520008962e-09,1.4295588561394623,1.0017321875271072,0.46221454896734626
1,China,4.0235505656250935e-09,1.0011706764743374e-12,10.462314282709244,1.0005927801181823e-12,0.3999173239440057,0.017128270383724196,0.008333389596261358,2.4856500508036473e-08,0.013825752936386536,9.852843202736131e-08,0.028836983543164475,1.6068704076026229e-12,1.961572944033599,0.9600163361859692,0.5376166391616449
2,Italy,3.9549359423345824e-06,1.3809651542737048e-07,44.449695123026814,1.9196786443871722e-08,0.028478060254460466,0.3726958569009419,0.1553045867096641,0.13932920587965486,0.3478429052279549,0.012166553149695624,0.20636906269956076,9.23543701389274e-07,3.0,0.9958056304455708,1.0111249685130155
3,US,4.342891529012081e-09,1.535868528978182e-07,43.24053461471345,1.674831277902277e-08,0.008346444187136018,0.008559095458371295,0.008677142804646487,0.0003947248578902866,0.0038916770263600292,0.00855964717693504,0.2599635107540316,7.226411887885963e-06,3.0,1.075457223469596,0.47590350327551795
4,India,4.721608741053742e-08,2.5985253522666805e-07,26.87469854499945,8.212599063878039e-09,0.008870184753206398,0.042737894570720907,0.008340456322209795,0.002411794317876998,0.01574972020676641,9.169568202055065e-06,0.2232613348590856,1.8848412083515967e-06,1.7822995559360701,1.0011788318091692,0.3092637621188079
