,country,beta0,beta01,startT,beta2,sigma,sigma2,sigma3,gamma,b,gamma2,d,mu,sub,subRec,subDth
0,Brazil,1.4434852711497692e-08,6.797022697873373e-10,110.68956727138733,3.505286107816349e-10,0.009440975821655873,0.04198959475343125,0.008341122911281017,1.0902034878791503e-06,0.018599343335387448,0.00020698391737726112,0.3099202025629346,3.636152798333712e-08,1.1,0.9900668192628806,0.7598832650618167
1,China,1.0304692577224458e-12,6.967047614734599e-09,12.04355612499138,1.0077620460735183e-12,0.3963884609937636,0.036706965125958536,0.008334058612547003,2.4263365317359353e-06,0.009639847202026888,1.248087512182619e-06,0.03284004117612739,4.714027062121653e-12,1.1,0.9847988637985694,0.8157880282227591
2,Italy,6.767291692801921e-07,2.2265237061696298e-06,24.815229400533898,2.1063010570407787e-08,0.39999020979493727,0.01343729842673326,0.0083333355900276,2.102501759824692e-09,0.01772916897288333,3.888917524519457e-11,0.0012288957059853453,9.122942144583917e-12,1.1,0.9973769194749064,0.8600344251484886
3,US,1.337062676922622e-09,6.815919590186171e-08,52.406077872439546,1.2233834686574558e-09,0.025080938587357784,0.00890989393482963,0.008333366851698608,4.0734598936254976e-08,0.000595798576095449,2.693404342841029e-10,8.431777650206312e-07,3.774872008770275e-10,1.1,1.0013450578364507,0.2
4,India,4.523302309938427e-08,7.73842163660542e-08,113.0937194062417,7.163468842261569e-09,0.024327507693225336,0.018719069643208863,0.008341232745811845,2.824353465062604e-06,0.009546209414753995,5.43180630562896e-05,0.3352551570101368,1.0087880094471558e-07,1.1,1.0069146751535842,0.25764135473252664
