,country,beta0,beta01,startT,beta2,sigma,sigma2,sigma3,gamma,b,gamma2,d,mu,sub,subRec,subDth
0,Brazil,5.209343599666821e-10,4.1530891457028506e-07,88.08680951392428,1.5059266253311028e-07,0.008333500571052256,0.021435621989608022,0.008333784387264323,5.839732846963995e-07,0.006018706175024807,1.6247808756238062e-07,0.11361444236945435,1.0683733379078405e-08,1.2628183606555072,0.9978419253232391,0.40284524647562514
1,China,6.555195363435893e-12,6.721171161614487e-08,9.575408603335433,2.586387756157429e-12,0.30175373436123115,0.013718227227169252,0.008360002742464444,5.2865686010545754e-06,0.01542330854756679,6.691309634303659e-06,0.03772159535119664,1.366370989136471e-09,1.9697432405113784,0.9943029492180279,0.5624274089969725
2,Italy,1.036675370580136e-12,1.010005174587795e-12,75.59270659957262,0.00014965986486655732,0.023289994332302076,0.015850537211145172,0.008333337785848025,9.92506824223769e-10,0.01790586686201114,4.0243182317847204e-11,3.2063030169075614e-10,3.5108917273361883e-11,1.2872868324378572,0.9914407955575364,0.7356398317752878
3,US,4.955306892946439e-09,1.4731006285946784e-07,38.334341221645374,6.128614914431055e-10,0.010705413970157614,0.011789201742297573,0.008333442987285103,6.682156287578128e-07,5.048975845977076e-05,5.242627723926049e-07,1.3554106752403622e-05,1.5540038478863808e-08,1.2376570298264271,0.9985265183447518,0.11249203552775083
4,India,1.0007922248730653e-07,4.885337118467704e-08,101.36633183900766,4.47526729091933e-09,0.018751870068502548,0.025203168943322647,0.008361388098111785,7.692640112821149e-05,0.004403552969528816,1.2109431075856292e-06,0.35752112971034317,3.100980778838524e-07,1.1412005158091096,1.000210746001885,0.24962361404940459
